model,accuracy,mse_magnitude,mse_depth
MLP,0.19994588744588745,15.34717082977295,187.62303161621094
XGBoost,1.0,0.07982597226731594,40.79928143731282
