Metric,Magnitude,Depth_km
MAE,3.7378775598821434,11.8068943109129
R2,-7.29844469125733,-2.808657293488565
