,MSE,MAE,R2
magnitude,0.21753484085913474,0.32456918018849895,0.8765216395184323
depth_km,52.171764820228695,6.211723654294356,-0.04425336639730992
