,MSE,MAE,R2
magnitude,0.3230889879800326,0.39166363821338335,0.8781282586148712
depth_km,6.897086186007789,2.273914706855168,0.004318131573768924
