,MSE,MAE,R2
magnitude,0.3114248782205676,0.3859654219248709,0.8830627314465623
depth_km,49.06456618534051,6.024826266256196,-0.010518658777705303
