,MSE,MAE,R2
magnitude,0.31992097635547445,0.3901346852714002,0.879323257849686
depth_km,207.4993732255739,12.329790982710326,0.00035121697857587453
