,MSE,MAE,R2
magnitude,0.29427569416925525,0.3979666462761218,0.8390514171687021
depth_km,48.8576169673583,6.060761553569322,-0.005064412729478107
