,MSE,MAE,R2
magnitude,0.22839538090704728,0.3290136266773913,0.8703569181626977
depth_km,50.04273892196007,6.090778148282023,-0.030820461843395153
